{
  "name": "tor2e-npc-parser",
  "title": "TOR 2e NPC Parser",
  "description": "Creates an NPC from a copy and pasted statblock.",
  "authors": [
    {
      "name": "ThroughlyDruxy"
    }
  ],
  "version": "0.0.3",
  "minimumCoreVersion": "9",
  "system": ["tor2e"],
  "languages": [
    {
      "lang": "en",
      "name": "English",
      "path": "lang/en.json"
    }
  ],
  "esmodules": ["modules/main.js"],
  "styles": ["styles/main.css"],
  "url": "https://github.com/ThroughlyDruxy/tor2e-npc-parser",
  "manifest": "https://raw.githubusercontent.com/ThroughlyDruxy/tor2e-npc-parser/main/module.json",
  "download": "https://github.com/ThroughlyDruxy/tor2e-npc-parser/releases/download/v0.0.3/tor2e-npc-parser.zip"
}
